{"Fid":"fcysZKKRS9C7e8oExa3M51","Status":3,"AuthToken":"eyJhbGciOiJFUzI1NiIsInR5cCI6IkpXVCJ9.eyJhcHBJZCI6IjE6NTMxOTAxMDQ4MTI1OmFuZHJvaWQ6YWJkYmQ4ZjQzNTllNGViMjc5NTE1NCIsImV4cCI6MTc2MzQ1MDQ1MSwiZmlkIjoiZmN5c1pLS1JTOUM3ZThvRXhhM001MSIsInByb2plY3ROdW1iZXIiOjUzMTkwMTA0ODEyNX0.AB2LPV8wRAIgPuOdvcltP95Pxst1IRcGCYvkBbx04BZeownZBSUKhAYCIBmPohQ18D4hphfVMwiAHlpNyXubWZ0Xb0rwcF_EcKtU","RefreshToken":"3_AS3qfwITJpN89Zx2OkyS9rxodyhDXqir9FfiVRQMZNtR3-q6Wh-052xC9_jSFcIv_PT4IiJZWMty4wMxO5jXCeXbOyPgEbrblDa7M43CvworRQ","TokenCreationEpochInSecs":1762845651,"ExpiresInSecs":604800}