{"name":"ad-pattern-renderer","version":"3.1.75","main":"https:\/\/sf16-static.i18n-pglstatp.com\/obj\/ad-pattern-sg\/renderer\/row\/dynamic\/v2\/index-sg.d70fa771.html","template_fetch_url":"https:\/\/sf16-static.i18n-pglstatp.com\/obj\/ad-pattern-sg\/renderer\/package_stylex_sg.json","resources":[{"url":"https:\/\/sf16-static.i18n-pglstatp.com\/obj\/ad-pattern-sg\/renderer\/row\/dynamic\/v2\/index-sg.d70fa771.html","md5":"d70fa77139ef8ed375e72080875ccd4d","level":1},{"url":"https:\/\/sf16-static.i18n-pglstatp.com\/obj\/ad-pattern-sg\/renderer\/row\/dynamic\/v2\/index.eb3c564c.js","md5":"9644ad6b653a45b40f02973c0e3f3d5d","level":1},{"url":"https:\/\/sf16-static.i18n-pglstatp.com\/obj\/ad-pattern-sg\/static\/lotties\/vendors~lottie-web.js","md5":"934c539b306772e0ca1a9c9f32c689ea","level":1},{"url":"https:\/\/sf16-static.i18n-pglstatp.com\/obj\/ad-pattern-sg\/playable-component-i18n\/vendors\/20231228_164425\/index.780a6098.js","md5":"88c9cf2c1260f539218fc4ae3e29a040","level":1}],"engines":{"v3":{"name":"ad-pattern-renderer-v3","version":"3.1.75","main":"https:\/\/sf16-static.i18n-pglstatp.com\/obj\/ad-pattern-sg\/renderer\/row\/dynamic\/v3\/index-sg.d518f0.html","resources":[{"url":"https:\/\/sf16-static.i18n-pglstatp.com\/obj\/ad-pattern-sg\/renderer\/row\/dynamic\/v3\/index-sg.d518f0.html","md5":"7e6809e8abc489587c709b69e3ea1dac","level":1},{"url":"https:\/\/sf16-static.i18n-pglstatp.com\/obj\/ad-pattern-sg\/renderer\/row\/dynamic\/v3\/index-sg.1716e4.js","md5":"e4a954ceb92a2a4ff9051ba441767714","level":1}]}}}