<?xml version='1.0' encoding='utf-8' standalone='yes' ?>
<map>
    <string name="prev_event_name">login_google</string>
    <long name="prev_event_timestamp" value="1762845663749" />
    <int name="appsFlyerInAppEventCount" value="1" />
    <long name="prev_session_dur" value="31" />
    <long name="af_rc_max_age" value="86400" />
    <boolean name="ddl_sent" value="true" />
    <string name="af_remote_config">eyJmZWF0dXJlcyI6e30sInZlciI6ImRlZmF1bHQudjEuMTYzNzE0OTUyOSJ9</string>
    <int name="versionCode" value="1381" />
    <string name="savedProperties">{&quot;uid&quot;:&quot;1762845652161-8589643645797923531&quot;,&quot;logLevel&quot;:&quot;0&quot;,&quot;advertiserId&quot;:&quot;96317cfb-1880-41fd-8bd9-e24ab7ef226f&quot;,&quot;advertiserIdEnabled&quot;:&quot;true&quot;}</string>
    <long name="exception_number" value="45" />
    <string name="AF_INSTALLATION">1762845652161-8589643645797923531</string>
    <int name="appsFlyerCount" value="2" />
    <long name="af_rc_timestamp" value="1762845650747" />
    <long name="AppsFlyerTimePassedSincePrevLaunch" value="1762845662991" />
    <boolean name="newGPReferrerSent" value="true" />
    <string name="appsFlyerFirstInstall">2025-11-11_072052+0000</string>
</map>
