<?xml version='1.0' encoding='utf-8' standalone='yes' ?>
<map>
    <boolean name="measurement_enabled_from_api" value="true" />
    <long name="first_open_time" value="1762845649238" />
    <string name="gmp_app_id">1:531901048125:android:abdbd8f4359e4eb2795154</string>
    <string name="app_instance_id">ae126617a17dbef907e37b1f347c9ba6</string>
    <long name="session_id" value="1762845650" />
    <boolean name="app_backgrounded" value="true" />
    <long name="health_monitor:start" value="1762845650751" />
    <boolean name="use_service" value="true" />
    <boolean name="deferred_analytics_collection" value="false" />
    <string name="previous_os_version">11</string>
    <boolean name="measurement_enabled" value="true" />
    <boolean name="has_been_opened" value="true" />
    <boolean name="allow_remote_dynamite" value="true" />
    <long name="last_pause_time" value="1762845694212" />
    <boolean name="start_new_session" value="false" />
</map>
