<?xml version='1.0' encoding='utf-8' standalone='yes' ?>
<map>
    <long name="fire-count" value="1" />
    <string name="last-used-date">2025-11-11</string>
    <long name="fire-global" value="1762845649938" />
    <set name="fire-installations/18.0.0 kotlin/2.2.0 android-installer/ android-min-sdk/23 device-brand/realme fire-abt/21.1.1 fire-iid/21.1.0 fire-core/21.0.0 fire-android/30 fire-fiam/21.0.2 fire-core-ktx/21.0.0 fire-fcm/24.1.1 device-name/RMX1971 fire-analytics/22.4.0 device-model/RMX1971 android-platform/ fire-sessions/2.1.1 android-target-sdk/35 fire-fiamd/21.0.2 fire-cls/19.4.3 fire-transport/19.0.0">
        <string>2025-11-11</string>
    </set>
</map>
