<?xml version='1.0' encoding='utf-8' standalone='yes' ?>
<map>
    <string name="android_system_ua">Dalvik/2.1.0 (Linux; U; Android 11; RMX1971 Build/RKQ1.201217.002)</string>
    <string name="sdk_local_web_ua">{&quot;value&quot;:&quot;Mozilla\/5.0 (Linux; Android 11; RMX1971 Build\/RKQ1.201217.002; wv) AppleWebKit\/537.36 (KHTML, like Gecko) Version\/4.0 Chrome\/143.0.7499.15 Mobile Safari\/537.36&quot;,&quot;time&quot;:1762845673098}</string>
    <string name="app_id">{&quot;value&quot;:&quot;8388095&quot;,&quot;time&quot;:1762845673083}</string>
    <string name="uuid">ba78e6b5-baaf-4285-b323-8247b52ac675</string>
    <string name="sdk_app_sha1">{&quot;value&quot;:&quot;61:ED:37:7E:85:D3:86:A8:DF:EE:6B:86:4B:D8:5B:0B:FA:A5:AF:81&quot;,&quot;time&quot;:1762845678377}</string>
    <string name="sdk_local_rom_info">{&quot;value&quot;:&quot;RMX1971_11_F.03&quot;,&quot;time&quot;:1762845673287}</string>
</map>
