<?xml version='1.0' encoding='utf-8' standalone='yes' ?>
<map>
    <boolean name="exclude_banner_native" value="false" />
    <int name="start_activity_async" value="1" />
    <string name="pag_landingPage_stay_time">1,3,10&amp;session</string>
    <int name="app_start_info_config" value="0" />
    <string name="pag_ad_click_cnt">1,3,10&amp;session</string>
    <string name="pag_video_stay_time">1,3,10&amp;session</string>
    <boolean name="replace_log_extra_key" value="true" />
    <boolean name="default_split_style" value="true" />
    <boolean name="app_register_alert_enable" value="true" />
    <int name="splash_auto_close_switch" value="1" />
    <boolean name="enable_feature_cids" value="true" />
    <int name="apm_crash_wait_time" value="5000" />
    <boolean name="is_new_playable" value="true" />
    <string name="pag_ad_show_cnt">1,3,10&amp;session</string>
    <int name="oem_store_state_time" value="259200000" />
    <int name="plb_res_delay_fetch_time" value="0" />
    <int name="ivrv_new_arch_endcard_view_add_at_first" value="1" />
    <int name="bus_monitor_enable" value="1" />
    <boolean name="destroy_render_script" value="true" />
    <int name="jsb_opt_enable" value="0" />
    <boolean name="apm_enable_loop_monitor" value="false" />
    <string name="pag_dislike_cnt">1,3,10</string>
    <string name="image_config">{&quot;use_new_img&quot;:1,&quot;bitmap_cache_count&quot;:10,&quot;data_cache_count&quot;:15,&quot;disk_cache_count&quot;:30}</string>
    <string name="fold_config">{&quot;enable&quot;:1,&quot;fold_default&quot;:&quot;&quot;,&quot;fold_samung&quot;:&quot;&quot;}</string>
    <string name="ip_data_config">{&quot;ip_link_listener&quot;:1,&quot;ip_ad_cache_count&quot;:10}</string>
    <int name="plb_res_fetch_interval" value="3600000" />
    <int name="s_i_e" value="0" />
    <string name="pag_video_play_cnt">1,3,10&amp;session</string>
    <int name="plb_pre_render_max_count" value="2" />
    <int name="clear_web_cache_new" value="0" />
    <long name="local_last_update_time" value="1762845673903" />
    <int name="video_error_conf" value="2" />
    <int name="video_lower_support_discard" value="0" />
    <int name="feature_timer_interval" value="10000" />
    <boolean name="feature_switch" value="true" />
    <string name="plb_res">https://sf16-static.i18n-pglstatp.com/obj/ad-pattern-sg/playable/playable_resources.json</string>
    <boolean name="opt_web_index" value="true" />
    <string name="batch_log_config">{&quot;enable&quot;:1,&quot;once_max&quot;:20}</string>
    <string name="bus_monitor_config">{&quot;enable&quot;:1,&quot;interval&quot;:86400000,&quot;once_count&quot;:10,&quot;once_interval&quot;:10000}</string>
    <int name="material_cache_disk_format" value="0" />
    <int name="req_interval" value="3600000" />
    <int name="net_http_protocol" value="1" />
    <string name="ad_load_and_render_opt">{&quot;enable&quot;:1,&quot;thread_switch_opt&quot;:1,&quot;sync_barrier_switch_opt&quot;:1,&quot;webview_preload_cache&quot;:0,&quot;webview_preload_cache_v3&quot;:0,&quot;w_p_delay&quot;:500}</string>
    <string name="rviv_new_arch_not_support_style">[32,7,5,28,21,8,6,34,9,0]</string>
    <int name="ivrv_load_ad_cache_strategy" value="2" />
    <int name="deeplink_utils_new" value="1" />
    <int name="plb_pre_render_alive_time" value="3600000" />
    <int name="plb_res_enable" value="1" />
    <string name="rviv_new_arch">[30,39]</string>
    <int name="plb_pre_render_enable" value="1" />
    <boolean name="pag_video_30p_session" value="true" />
</map>
