<?xml version='1.0' encoding='utf-8' standalone='yes' ?>
<map>
    <int name="camera_count" value="2" />
    <long name="as" value="100772" />
    <string name="iid">4b615b52-c07f-4784-a0a3-135667154724</string>
    <long name="pgl_frt" value="1762845693" />
    <string name="sj">EMAILADDRESS=android@android.com, CN=Android, OU=Android, O=Android, L=Mountain View, ST=California, C=US</string>
    <long name="mt" value="1762845632000" />
    <int name="cpc" value="0" />
    <string name="romtype">oppo</string>
    <string name="sa">61:ED:37:7E:85:D3:86:A8:DF:EE:6B:86:4B:D8:5B:0B:FA:A5:AF:81</string>
    <string name="md5">feee32df243c1f240d2ba4c5a6712f98</string>
    <long name="ds" value="8832" />
    <string name="ap">/data/app/~~EjcOYP5d2rBXQ3F8kMpd1g==/com.tykeji.ugphone-4PG9Ihgqz0O0jAE0klggSQ==/base.apk</string>
</map>
